BT101,"I,II,III,IV"
BT202,
BT205,
BT208,
CL205,
BT290,
BT302,
BT305,
BT306,
BT308,
BT,
BT330,
BT401,
BT,
BT,
BT502,
BT504,
BT,
BT,
BT520,
BT632,
BT630,
CE 220,
CE 606,
CE 525,
CE 612,
CE 555,
CE 206,
CE 505,
CE 646,
CE 584,
CE 552,
CE 616,
CE 205,
CE 643,
CE 510,
CE 583,
CE 570,
CE 615,
CE 307,
CE 308,
CE 623,
CE 595,
CE 607,
CE 664,
CE 614,
CE 564,
CE 628,
CE 311,
CE 652,
CE 201,
CE 504,
CE 524,
CE 533,
CE 220,
CE 606,
CE 525,
CE 612,
CE 555,
CE 206,
CE 505,
CE 661,
CE 583,
CE 646,
CE 552,
CE 616,
CE 222,
CE 661,
CE 570,
CE 308,
CE 607,
CE 664,
CE 614,
CE 309,
CE 564,
CE 628,
CE 304,
CE 514,
CE 556,
CE 594,
CE 311,
CE 649,
CE 648,
CE 608,
CE 583,
CE 201,
CE 504,
CE 524,
CE 533,
CE 584,
CE 220,
CE 606,
CE 525,
CE 612,
CE 304,
CE 307,
CE 570,
CE 615,
CE 564,
CE 628,
CE 514,
CE 556,
CE 594,
CE 311,
CE 649,
CE 623,
CE 309,
CE 205,
CE 643,
CE 510,
CE 648,
CE 608,
CE 584,
CE 201,
CE 504,
CE 524,
CE 533,
CE 222,
CE 307,
CE 661,
CE 615,
CE 402,
CE 304,
CE 514,
CE 556,
CE 594,
CE 311,
CE 649,
CE 309,
CE 652,
CE 222,
CE 206,
CE 505,
CE 661,
CE 646,
CE 552,
CE 616,
CE 205,
CE 643,
CE 510,
CE 648,
CE 608,
CE 307,
CE 524,
CE 533,
CE 652,
CE 309,
CE 623,
CE 595,
CE 308,
CE 607,
CE 664,
CE 614,
CH002,
CH212,
CH222,
CH232,
CH233,
CH223,
ME324,
CH322,
CH323,
CH333,
CH419,
CH417,
CH418,
CH428,
CH438,
CH334,
CH499,
CH411,
CH421,
CH425,
CH432,
CH433,
CH501,
CH600,
CH615,
CH617,
CH625,
CH637,
CH640,
CH603,
CH611,
CH621,
CH623,
CH630,
CH643,
CL 204,
CL 205,
CL 206,
CL 207,
CL 252M,
CL 307,
CL 308:,
CL 309,
CL 314,
CL 352M,
CL 401,
CL 404,
CL 503,
CL 504,
CL 612:,
CL 614,
CL 617,
CL 618,
CL 619,
CL 622,
CL 623,
CL 625,
CL 630,
CL 634,
CL 635,
CL 638,
CL 639,
CL 642,
CL 210,
CL 211,
CL 315,
CL 499,
CL 599,
CL 699,
ME 101,
